242.0221,323.449,478.55655,513.5903,126.57735,213.56645,344.76825,377.74396,144.68135,125.43419,178.45914,164.67061,131.36815,189.77208,175.29378,207.98895,1
240.6228,323.96243,476.34134,509.32703,122.19674,212.4824,340.8644,371.65775,145.84972,125.44367,177.13715,164.61345,128.8956,182.87318,180.65498,210.01523,1
248.16647,329.60986,476.08313,510.1917,122.07822,210.21367,337.082,367.62698,158.30731,126.85953,184.63307,172.39093,129.77487,176.18712,184.96332,214.45274,1
249.67838,331.03494,465.77805,501.03888,117.59861,202.24039,325.23547,355.52808,160.98538,128.32263,184.18732,168.60362,133.44475,173.82082,180.6214,209.93625,1
249.90323,332.09637,462.66,497.23627,117.765915,204.08134,324.3995,353.69196,159.50507,127.895164,177.0854,159.52196,127.86594,172.14401,169.51367,197.97372,1
266.2987,349.55414,474.88934,506.18588,139.49026,227.4487,339.98416,367.47736,159.37946,129.98726,164.00981,146.29904,131.37819,176.01993,155.0381,186.95055,1
278.38394,358.52863,492.96036,525.063,137.12651,221.41628,343.9717,372.08316,151.58618,127.57768,160.28558,149.67897,131.63141,186.05202,160.76323,194.32509,1
273.22195,356.86908,494.22226,529.3726,141.24715,229.36397,351.02823,383.11636,142.93161,128.61336,156.93727,150.94684,128.82611,185.14297,164.40552,200.19049,1
253.25388,335.76733,491.21722,519.52423,131.65112,219.74445,355.80557,381.58218,135.003,127.90537,156.91115,158.77502,130.45259,183.56688,166.21364,204.90463,1
243.5583,318.269,487.16766,515.6356,133.77345,214.13947,357.71445,384.76318,124.12909,127.81776,166.84042,169.1734,132.24281,187.20401,169.99304,206.16418,1
224.54736,301.79077,479.65997,506.0196,119.49209,200.34152,348.70535,373.97168,126.27064,125.96149,170.13483,171.34743,133.20325,188.54024,170.74211,205.79326,1
225.21822,306.2333,479.66565,510.8298,121.49639,206.15619,350.50232,380.45667,129.8484,128.7711,174.97404,175.51071,134.86803,188.67413,182.673,215.50945,1
229.39542,312.88705,469.35794,503.88165,125.43295,213.78262,345.18307,377.6515,135.868,128.55693,178.2032,175.25018,131.68967,185.63902,184.49933,217.88538,1
135.819,96.61699,207.1189,200.52681,130.80624,173.19632,193.66385,227.8057,221.56711,293.33255,420.64102,454.28122,109.70302,186.1451,306.57446,333.88654,1
138.62155,99.273705,196.26605,186.61372,129.70082,167.84561,183.16483,215.11943,219.48463,292.52365,414.45126,445.60342,103.878914,182.1133,300.4174,324.2382,1
139.97453,99.96384,204.30609,190.2771,125.545,165.04861,191.91304,218.25732,221.91043,293.018,419.63272,450.37723,110.01953,186.18018,310.95792,334.70197,1
135.88945,98.28869,207.74776,196.06154,129.56458,175.92714,190.34119,221.22636,229.77682,304.26172,441.87027,473.5236,114.1703,194.17406,326.74768,352.14743,1
129.22005,98.11256,215.7201,212.15866,134.60681,187.21255,199.93657,236.84192,236.00128,319.2582,465.1873,498.86807,109.81357,199.83234,335.777,363.18396,1
118.10986,98.46828,208.2598,206.81369,132.41125,189.41602,198.13002,234.05405,238.7813,322.9827,464.43643,500.94943,121.464165,211.54451,338.22903,370.05807,1
118.51271,100.34399,200.96657,195.86385,133.19012,189.42479,198.08601,230.41782,237.96492,320.55087,453.32254,486.8196,123.47266,211.6101,329.46832,358.76273,1
124.290504,98.72426,197.40714,187.5472,136.7112,190.05122,191.26471,221.72578,226.3132,309.84723,426.86145,462.96402,115.63783,203.7758,313.91492,344.465,1
131.93887,99.95347,193.37411,184.8367,136.37735,185.65324,184.24911,217.59442,228.76437,306.47726,425.28833,459.5734,103.826256,186.10506,304.45474,331.22104,1
141.31844,100.82778,205.76328,194.31363,133.98761,177.38643,191.04167,220.63205,220.04477,294.10605,417.29227,451.63864,109.7299,188.12335,307.9778,335.88156,1
148.23885,101.867165,202.48827,190.14508,133.43451,168.18056,185.79294,211.42229,211.41852,279.97052,403.9338,437.41568,97.95083,170.5647,294.99118,320.68973,1
267.2088,343.32205,498.73306,527.586,101.16998,181.16515,348.80533,370.6473,261.60632,292.3206,62.645203,121.41867,137.62259,186.0454,148.959,181.4678,1
260.92654,329.37936,504.6991,532.06305,96.7438,171.74007,352.5219,373.21997,255.45776,290.01285,55.47805,116.043686,132.56955,180.59006,141.95172,174.11957,1
703.424,776.0865,897.03735,939.6394,91.29478,164.3949,352.78983,372.4463,255.10693,288.51135,63.26308,114.57785,133.19328,180.63893,154.54454,178.35695,1
755.07263,833.2951,947.99854,991.32,78.085014,154.38232,357.8307,373.8243,256.79865,292.88647,54.119576,114.40433,133.2665,182.37526,144.98807,175.94043,1
247.92369,317.65323,499.15607,530.01636,105.635345,180.4583,368.31436,392.90588,264.2293,299.7954,61.27892,125.45879,134.56732,187.82434,156.85599,191.14197,1
257.8548,328.8925,493.433,529.1397,100.73093,176.22913,354.366,381.6749,270.7783,304.18826,62.703857,125.56951,142.19373,191.71504,152.85538,188.68558,1
748.97375,833.2754,916.713,969.60284,84.35915,167.7407,348.93,374.9632,276.94565,307.3171,60.88702,123.44586,140.70964,187.00568,160.32928,191.08105,1
652.8179,729.3744,857.8492,899.7623,106.01058,185.35963,364.33563,387.27652,262.4516,300.66245,65.745125,125.74793,136.29857,189.06998,154.34253,185.92203,1
294.6793,367.253,536.4631,567.91003,123.631516,201.90935,375.20752,400.46313,272.23798,306.15775,60.79893,123.49196,139.35152,194.47493,153.88069,187.87334,1
312.98334,385.5533,567.86096,614.3203,101.88935,182.5684,368.65805,408.94028,289.90784,321.75903,78.99609,133.6102,154.17896,205.1631,187.43953,216.4912,1
305.02466,389.3461,587.06573,626.0864,95.76602,187.68863,395.387,425.94125,312.39474,347.85422,85.08862,153.6091,162.64795,217.59877,192.99362,226.34074,1
305.08646,390.20615,581.39886,617.8668,134.78664,226.1616,423.36816,453.32727,314.3233,353.8565,80.42563,153.03722,163.41032,223.70221,183.83795,223.55498,1
299.82965,381.96286,562.453,598.5464,115.74978,203.49529,396.5491,423.50964,307.78772,344.6118,72.57353,138.06223,164.07986,221.17961,172.18706,207.415,1
275.6321,354.83273,508.40262,544.9908,117.94047,201.90895,364.1194,393.869,286.50314,315.39853,64.959984,126.61581,148.69882,195.22203,157.25458,187.4527,1
237.12617,304.2405,446.027,476.0668,117.167725,191.5443,322.32254,349.43793,255.26654,285.2851,64.59753,121.55469,133.89722,180.61069,142.08452,174.61488,1
189.4553,260.37283,381.11298,414.3188,106.51335,182.78627,269.5084,302.30496,245.4902,268.92615,59.630913,116.01537,125.548676,169.13188,148.18059,179.0939,1
188.76677,261.50497,390.39752,422.82263,102.59019,178.5894,281.27884,311.86853,268.95712,294.47916,61.16663,115.81517,135.3633,180.17728,145.47012,176.26576,1
209.95676,288.1759,407.27444,438.92197,126.18264,207.9372,291.38864,322.58005,166.82678,199.59253,115.727875,148.72244,133.3497,187.63455,177.78133,210.60315,1
273.06866,349.57736,497.78818,533.5606,113.37598,193.88455,351.88388,380.28665,196.42242,192.00528,117.08872,106.04475,139.44928,190.63042,179.78568,207.81425,1
260.21387,332.06052,492.39474,525.5921,99.275696,176.31088,347.92438,372.55182,197.35077,188.09499,120.897705,106.7061,133.34473,179.16237,183.98563,207.20833,1
256.43726,334.04715,461.95267,497.78912,102.50778,182.7669,335.03894,361.4228,286.25656,312.9894,65.13278,121.822014,148.34705,195.98601,154.3806,189.38316,1
262.06635,337.33566,461.02637,499.3956,105.12095,183.37032,328.9184,357.88297,286.38068,309.86203,63.280212,124.14153,143.54678,187.39867,153.23776,187.641,1
259.7804,339.96387,463.55756,499.8356,101.647964,185.24869,329.38824,355.8845,284.2287,307.39545,62.545887,120.68738,143.45189,188.44885,149.38025,185.04866,1
255.90228,332.9419,461.89423,498.94864,99.89681,180.93265,327.56546,356.09857,280.8006,307.3566,62.819447,125.30989,143.95581,189.99818,148.92302,186.32832,1
252.30319,330.3543,477.51062,511.91165,91.3769,174.71907,336.9558,362.0438,281.64722,313.6061,64.23199,126.594345,145.06406,195.17844,147.55011,184.48224,1
242.27449,310.1367,483.15234,510.04932,100.488716,173.58432,355.5175,375.36978,276.82516,311.32043,65.076744,123.677605,126.50228,176.7821,157.95837,189.15605,1
228.83684,297.7796,477.1632,501.25424,91.29373,166.26788,350.3759,368.06247,270.23096,306.13196,61.293255,121.78257,129.71797,178.3524,141.94806,172.59624,1
218.81212,285.73148,476.91898,499.64417,87.5367,160.46225,355.5003,372.75793,268.6123,305.09558,62.80018,121.48468,129.8133,178.41501,143.75066,174.3643,1
221.70973,287.5481,472.67374,498.04007,96.0493,168.45839,354.7214,375.19144,268.66748,305.13895,62.9852,123.59849,130.38304,179.65529,144.42899,175.27026,1
249.61353,322.6037,485.4807,517.89264,87.64955,166.02126,341.5119,365.38596,269.92334,308.62967,64.57332,125.33884,141.32559,194.84625,145.46588,178.73984,1
271.11862,350.9606,485.26328,520.831,102.99261,186.21866,339.53644,365.45013,286.19775,318.26413,68.34628,128.72328,146.39156,195.22491,145.62653,180.21884,1
162.6561,99.903404,228.92867,205.79,97.542915,141.70706,197.22502,222.37535,134.14503,79.685425,237.43304,216.31766,96.206856,149.65398,180.19742,199.11974,2
160.3063,101.83512,214.3448,192.48224,97.55704,134.38918,184.51294,207.88805,122.983246,77.47124,224.5972,203.9376,93.57352,147.08708,186.26572,206.60439,2
171.84709,104.173035,239.1785,213.07181,102.22132,123.05322,185.01974,200.91202,105.86292,75.125984,223.73915,208.22255,103.86754,159.56915,196.97601,222.14946,2
187.52246,122.47573,226.522,196.3597,114.19354,107.90459,186.04138,192.01283,83.55496,78.04594,209.6596,203.75742,113.107445,168.65495,182.14719,209.23099,2
193.44595,130.3241,229.40894,198.441,119.3255,101.228584,187.01372,189.637,78.716354,81.22116,211.10405,203.87434,120.00782,177.47806,185.98972,212.57362,2
186.98576,125.2036,227.69878,195.32468,114.104996,106.24917,184.34476,187.24051,88.60053,79.129715,211.57175,199.91008,114.122795,174.35884,187.30511,212.73589,2
171.34303,108.65538,232.78812,204.12738,103.87623,123.692154,184.14668,197.64,108.17846,77.0447,215.28444,203.76244,100.47612,156.60197,188.48717,214.41379,2
152.19066,93.15438,233.65544,211.22107,99.71044,142.18674,185.9282,212.08511,128.07716,82.28556,223.85442,206.19391,94.22955,141.5277,187.87653,211.91566,2
109.902504,104.64906,176.01581,174.78386,95.54381,143.42136,189.45322,215.53284,132.45335,82.36032,222.70454,202.76779,88.6953,128.96732,189.64552,207.35675,2
103.312416,113.98847,169.42882,180.66151,99.12002,147.83171,190.529,219.17638,136.82509,86.96301,223.89404,203.98094,86.29313,117.583275,188.16937,201.58734,2
125.11768,80.76207,207.72302,192.61201,108.12811,160.71327,187.87766,215.79636,148.12263,97.04261,230.62622,202.9807,96.03517,113.053024,172.40552,177.29015,2
134.84169,84.21639,204.22906,185.14607,105.05617,152.36089,185.22147,207.37717,145.40068,89.69546,218.03058,194.0702,88.262955,119.99908,165.07388,179.76212,2
149.54314,92.444084,206.79253,185.57497,102.33345,145.70067,176.1331,202.9947,136.39436,83.26823,212.36938,192.95483,93.74514,134.29517,166.84727,185.73514,2
159.6463,100.667534,210.2257,189.02095,107.606445,145.668,173.19218,202.26978,136.41887,84.33842,222.81046,197.06656,97.99576,142.9832,173.46425,190.15741,2
157.03694,96.870155,222.59543,200.62856,106.49088,148.2758,186.62495,212.74532,141.25995,85.076546,232.0879,208.77379,98.36126,138.72745,181.07579,198.31436,2
153.96721,97.7776,224.28435,204.8281,103.68911,146.84554,192.02702,220.00714,133.7735,84.398026,233.08698,211.38425,100.80531,142.66048,185.67915,202.55646,2
163.59315,104.275246,226.24948,205.33664,99.27165,137.22493,191.48586,216.7271,127.37721,81.23699,230.79237,210.34424,102.90961,149.84326,194.41046,211.27101,2
163.5589,102.267746,231.97449,206.91226,102.67584,140.1547,188.66035,209.38554,136.39886,84.19572,230.25943,207.08804,108.388695,155.14981,192.09322,213.64154,2
161.36295,101.591484,230.51578,206.99289,100.68021,138.68456,189.8718,212.11874,130.35954,81.86786,224.15283,207.31522,105.57706,152.403,184.07,207.01904,2
163.04095,103.26522,223.60274,201.48894,98.41444,138.63853,194.80862,218.75122,130.01744,77.16859,235.76093,215.5595,95.49698,146.03767,194.77124,213.82819,2
188.8896,126.70699,215.74234,190.29456,120.53081,126.43949,172.92517,185.52277,106.73678,84.31028,208.22511,197.96336,105.27136,163.12338,190.81473,217.31075,2
195.15836,141.38005,218.48055,187.80959,142.96265,114.82041,169.03896,160.34058,78.3056,99.928825,189.12648,190.91693,139.11667,184.49527,166.83171,193.5561,2
185.50746,141.37332,213.80005,185.40045,139.24347,116.48993,167.8188,157.46762,78.98491,103.37778,190.11064,189.40544,138.61333,181.53009,176.58725,198.40327,2
192.02509,131.75415,205.33875,175.74913,115.95932,113.23505,164.58989,174.14507,86.56758,79.532715,201.13388,190.14491,117.384056,169.8753,176.79546,200.24281,2
162.61552,104.34411,227.2459,201.97627,107.74136,144.97012,189.78502,213.8422,135.79741,83.29525,231.66058,210.02345,108.2767,154.76117,182.2001,201.8531,2
108.139435,124.05158,161.14326,174.86316,113.05288,159.05986,174.92514,206.61295,134.45572,95.41378,203.22488,184.64449,103.05034,127.06987,172.36472,180.57034,2
107.84237,129.86894,174.59137,188.94142,111.36838,160.66028,195.13876,221.7765,142.97127,98.99169,217.44733,198.4191,102.20482,118.21247,182.27863,190.84286,2
131.25821,91.002205,187.77057,170.86578,116.47463,162.05307,166.49672,192.688,155.01675,97.29348,219.7477,190.6018,96.937836,113.00113,163.17494,168.76624,2
182.8351,237.31715,454.92902,473.8101,111.4665,193.27446,330.61664,358.71936,164.56952,184.90152,116.665276,138.06552,129.87671,183.26364,176.21979,208.44815,3
176.20058,235.06358,447.31726,469.73413,112.536385,198.42801,326.01163,358.5037,164.72731,184.11127,114.33316,134.87288,129.10477,181.5991,173.7263,206.01266,3
177.85057,234.87819,451.06488,470.8325,112.33103,196.38799,326.08255,355.9302,160.9586,183.21985,116.20154,137.50339,127.38375,183.06366,173.70677,207.2374,3
172.285,229.80592,445.14136,465.9092,112.159584,194.37593,325.93527,356.47467,160.7443,184.83684,116.074036,136.49179,128.0778,184.46306,172.23383,204.79828,3
172.23947,232.82214,445.63434,466.6321,113.72764,199.9345,324.1686,355.49963,175.88974,205.57883,112.1528,145.45929,127.68042,175.97853,171.1199,201.424,3
170.60133,228.25478,445.90433,465.35437,113.69372,194.16574,325.12915,354.27054,280.32657,317.20966,84.21119,145.01778,137.63635,186.01422,154.59224,187.85844,3
170.76012,229.33803,446.31055,467.55685,114.03344,198.28195,326.92078,358.61462,277.38486,306.26068,61.028366,121.56091,140.78304,186.26256,156.37167,186.34659,3
167.50378,226.87157,440.6554,460.3295,115.94464,200.24826,325.92264,356.4285,271.7952,306.80716,60.75309,123.40756,133.66202,182.4086,148.0436,179.54321,3
173.34372,221.62004,452.77844,467.22107,108.97446,187.0115,329.77466,354.885,261.7304,299.60092,64.95903,125.92844,127.443375,175.56819,146.22473,179.46902,3
156.11249,198.60234,445.75092,454.83337,92.28473,165.29994,320.5,342.0018,261.03912,295.38925,56.932476,114.063774,129.79681,172.07977,137.32025,165.76501,3
153.35146,189.58992,445.66428,453.48697,84.48919,157.20645,321.2945,342.48825,261.80807,292.68192,54.18188,109.18575,128.33324,168.3681,145.63123,170.14961,3
158.5484,210.68533,447.30154,460.28778,107.77697,190.04572,330.40576,355.81976,268.4321,299.93832,64.47131,124.83915,143.02707,187.13129,148.08011,179.43623,3
168.16286,232.13843,437.8727,461.96866,119.58125,203.81097,323.29825,357.68472,273.66162,304.2794,63.464436,124.25149,138.26485,185.73384,154.86258,186.60483,3
179.15239,247.20958,441.96945,464.67657,127.89983,210.01205,323.97995,354.49722,277.52426,306.98297,71.7614,130.0335,140.472,190.04137,166.85081,196.66223,3
175.37408,245.38599,427.31387,453.01657,128.04376,212.17027,312.08978,345.1341,287.27377,311.0138,66.82783,127.32829,144.53552,191.29337,172.639,202.69997,3
174.48016,244.45795,428.60312,458.80096,124.402336,206.3012,311.2265,347.88297,286.36017,309.44632,62.23746,125.92704,152.01138,196.72365,169.37111,202.80835,3
177.08345,248.82469,420.03043,449.8009,126.3398,212.39972,302.28604,339.2937,281.24612,308.35474,66.85456,131.28851,140.81808,188.41266,164.07404,197.15201,3
162.29976,234.94058,420.3513,448.7486,116.900734,204.47282,302.3689,339.2649,278.54617,308.3788,75.67392,137.64331,146.28299,192.58722,163.05287,195.66206,3
162.2229,228.19534,435.71362,454.97098,122.49721,204.09714,313.7376,343.7329,278.93997,311.08154,75.38993,137.5002,138.37679,184.7588,164.41412,194.9188,3
152.56804,226.52791,434.368,456.87003,116.44463,202.38037,309.37076,341.47827,271.80853,305.9059,87.36553,148.71918,143.05371,190.01398,167.45943,201.39888,3
154.57814,178.58588,117.631386,134.20367,127.99019,192.84578,174.43387,210.78665,251.66187,321.6616,535.2736,554.6919,125.7426,213.97557,390.0674,412.19196,3
154.09392,171.73752,129.8655,147.50777,134.98814,201.62083,192.37898,231.43295,238.34225,303.8931,504.36206,527.67725,125.285065,208.95044,369.9674,395.321,3
163.06595,165.55025,133.1867,136.70393,136.79558,198.31384,199.48486,231.84885,235.0993,297.51074,487.6332,512.24274,120.89119,200.2249,355.0324,380.26474,3
180.43176,164.64337,121.4076,114.6646,142.43764,187.32146,179.53203,210.02716,220.5393,283.97702,462.29584,484.3313,104.483086,182.48604,329.84833,350.98502,3
176.10141,164.65839,122.17354,115.23028,135.77576,184.41689,179.85487,212.30214,223.13953,291.4624,471.4614,490.97263,115.85896,197.62312,338.90543,359.24078,3
176.00679,176.03894,107.628845,114.690346,132.14336,184.45966,169.96881,205.38667,234.30487,303.827,497.05698,516.38336,129.60782,215.2706,366.09958,388.16205,3
258.9794,293.09494,63.800945,128.37305,132.07278,184.4531,157.30238,194.70793,229.04396,297.40503,503.9174,525.56146,125.17788,212.50403,372.3174,398.28534,3
253.70969,297.17352,61.464226,125.08953,129.02151,187.1498,150.5503,183.04155,221.18039,278.5731,513.2243,526.6386,108.71826,188.3801,375.08212,393.90375,3
257.10327,298.66953,64.15718,124.37937,130.29663,181.0737,144.98486,173.92593,216.90714,262.72302,508.16107,519.318,104.95621,175.52226,375.4917,392.50632,3
274.40884,314.9101,83.43195,141.80017,133.51637,185.7831,144.64987,180.16664,217.30908,277.7005,497.6673,512.365,103.26263,188.02878,360.88193,380.36557,3
281.77344,318.05728,79.89326,139.93399,126.88424,179.88785,161.36644,198.06894,228.89206,299.53482,499.52103,521.322,111.3596,198.9336,358.52084,382.23077,3
282.9092,316.7253,74.084045,132.42043,130.813,185.15475,161.54752,196.73967,229.02817,299.47452,489.38736,512.92096,115.38884,198.40297,351.3288,375.87238,3
267.36615,297.9669,47.372665,111.79204,133.81232,189.79002,159.5345,195.52042,227.18292,295.6586,478.43552,505.37347,122.97256,206.10594,344.76816,373.87527,3
108.0703,146.6538,396.8033,403.63498,132.53484,208.90302,384.78348,407.4823,140.57364,162.69328,127.28534,141.8702,133.33861,189.78442,162.99857,199.52907,4
112.23454,152.32793,406.41418,411.1706,131.51016,207.1225,387.19882,407.48846,140.58171,164.50145,129.25182,142.73616,136.70644,195.35405,165.74927,202.2868,4
103.84917,142.22264,389.99036,398.43265,134.26364,216.06636,380.43207,406.52667,145.88844,162.92343,129.39934,142.06993,139.30672,196.78142,174.447,212.20805,4
104.51238,134.26335,386.0875,393.1894,133.10426,213.57913,372.3697,398.6793,144.48653,162.84035,130.01813,144.10757,136.62799,196.62846,179.94351,216.79813,4
106.963356,135.44019,392.2044,398.28217,132.03957,213.5576,373.11435,399.61484,143.10179,162.29497,129.8186,145.77356,134.08472,195.26038,178.84138,218.0364,4
100.36402,137.9809,385.99808,397.2898,128.37039,213.45525,369.8976,399.56268,147.2854,163.13324,129.49533,142.09326,137.6483,195.4314,177.68134,215.25801,4
100.14779,138.49306,386.02197,397.04218,132.54004,213.58176,368.74612,397.91537,146.86551,163.14445,125.75229,140.40575,135.34239,189.96194,171.12535,208.032,4
99.95003,136.97032,393.82285,401.00262,136.4142,212.24586,385.94708,410.87744,144.83084,165.97893,125.59296,142.0249,132.77286,187.13445,164.77489,200.87604,4
108.39408,137.66681,405.78204,409.982,126.72198,198.20576,398.29468,417.91403,141.11295,175.16858,120.28303,143.8617,123.01147,180.00986,158.97818,192.77342,4
108.83773,136.57582,404.4355,403.75232,123.63316,196.29367,400.3445,414.44022,137.69551,176.43233,116.208305,140.44499,119.43411,175.9429,150.5296,182.57277,4
102.39916,136.39691,398.92645,400.5878,128.45656,205.80319,400.5079,419.11237,135.36337,172.76712,117.83134,139.34529,120.25638,178.77031,151.77489,183.77396,4
102.0524,134.86319,394.71616,399.70975,143.91164,223.87238,395.61108,420.34238,143.30269,160.7365,127.88662,140.75925,133.22998,192.95541,165.56705,203.91534,4
96.04455,135.21562,394.35272,402.65292,132.4125,211.2701,377.23413,404.51184,151.90913,153.08748,141.38416,143.45518,138.51309,191.49251,180.5318,215.16374,4
84.349106,130.27246,378.3907,389.59433,115.79083,200.22336,359.97733,388.1489,160.81396,153.84196,142.58182,138.73846,138.47775,188.49243,185.04457,219.00269,4
90.30126,128.91205,375.0066,387.42456,119.3017,200.03741,354.77982,384.20496,158.58963,157.81175,139.52283,136.45886,140.22995,194.37733,187.60927,220.2531,4
92.89837,131.66937,376.93616,387.85223,134.56502,211.94005,360.1899,390.08838,150.28734,161.05688,135.39552,143.01219,142.1692,200.11198,184.43456,221.61223,4
290.62408,304.74307,64.61019,119.53315,153.49329,188.10423,164.99686,193.95102,255.55284,287.82336,42.900593,96.04942,126.47946,170.36954,149.82457,171.03632,5
291.4667,304.9239,62.750305,121.49647,146.80696,182.92006,170.92586,202.27567,227.8944,256.75122,66.5828,108.790665,126.02867,160.30302,151.07784,169.1666,5
280.74203,299.97437,63.84424,125.75176,143.77933,184.25012,167.49005,199.91328,259.8387,291.01416,47.11878,104.79729,133.70146,179.04608,148.07416,175.15645,5
269.25064,290.03903,63.231068,124.961075,140.67871,181.47964,160.8182,194.88737,270.8608,297.16776,53.227795,113.66446,142.12633,189.08545,151.6553,184.38495,5
264.62866,288.33032,58.209557,113.4415,140.58107,181.6382,154.31076,181.8548,273.3162,297.17023,61.181244,121.44831,142.62848,188.69325,162.10648,195.2925,5
244.16159,271.98135,51.746834,103.63898,128.6853,169.00436,146.37964,171.1716,281.35272,295.87262,54.949825,115.55506,146.23474,184.43094,161.28241,195.36536,5
248.5984,276.08856,56.879955,111.17104,132.71548,171.61752,146.91496,173.35588,279.73563,297.89398,59.073494,119.45801,144.33916,185.66948,164.75987,196.79065,5
264.3988,290.17575,69.54428,125.9281,134.9626,178.91466,158.60335,190.20686,277.34192,298.64606,50.98844,107.784744,142.14369,185.88878,154.30672,183.39992,5
270.9507,286.62677,60.992462,123.50279,141.27757,178.81425,153.43742,188.59804,259.69547,282.74323,52.95113,109.77124,129.96654,170.96692,145.8463,175.36217,5
275.558,292.46756,62.813152,123.51716,141.92462,182.91057,161.35832,196.7003,254.56996,277.42047,44.779514,99.29733,128.85335,168.08395,145.59726,173.29326,5
270.42346,288.06348,62.837463,123.3607,140.72435,185.88493,166.7364,201.38504,257.79422,283.198,48.969097,108.012344,130.0756,173.25491,147.79315,178.82878,5
273.1747,295.32486,66.01713,125.91315,142.59848,184.81389,164.71028,198.256,270.57202,293.5684,53.604507,113.737366,144.34628,184.38911,158.02519,186.4801,5
274.12878,296.9468,63.850685,127.17153,137.61992,182.86441,172.4587,206.51161,271.0115,299.3609,52.746273,111.99657,136.38866,183.84016,162.66035,189.2223,5
276.28073,297.16013,59.51155,124.98157,137.61607,182.9289,173.13797,208.94856,268.9886,300.73578,48.99823,110.10989,140.76218,188.74953,151.87762,179.67868,5
272.26154,293.75504,58.204163,121.10889,142.62042,185.58594,165.18315,198.95251,269.0975,300.75058,48.564163,110.07732,138.36621,189.30089,155.7029,184.86574,5
274.14282,298.6729,62.653004,126.60879,139.4876,187.06377,166.96478,201.95924,269.01096,297.40076,48.44025,109.74321,134.15552,180.28622,159.29875,184.85846,5
275.46973,297.02213,62.71448,127.20244,139.68752,183.03262,168.06233,205.26524,269.6778,299.01578,59.513668,119.737526,132.30745,178.4211,160.75887,190.60614,5
274.32745,296.33325,61.86527,124.155045,139.73126,181.57874,161.58177,196.14923,273.77475,297.25583,60.40091,122.21147,138.18736,180.25183,163.66193,195.08717,5
270.72272,293.71417,64.58673,121.43718,145.277,186.12886,150.20247,183.00378,267.71265,293.52267,59.844154,118.5407,139.41223,181.44318,148.66814,179.4577,5
272.40042,293.1141,58.8179,121.73281,141.05939,181.89262,150.16647,185.88582,269.2405,294.50916,49.256504,112.20228,141.86821,188.50272,143.14255,178.72984,5
270.50925,293.0718,60.697052,119.69535,136.97586,181.13782,153.55869,185.73448,268.8383,290.957,55.14906,116.17161,135.65645,177.49971,148.67728,182.21288,5
270.41962,296.1324,66.64429,127.64954,138.58044,184.91045,158.65184,193.1546,269.034,295.46658,45.569862,107.02189,138.74371,185.96103,146.8769,181.96637,5
272.37036,295.50122,66.6612,127.57215,141.04906,184.51097,157.60046,192.97807,267.59256,293.8464,50.065456,111.18365,134.60007,178.82437,149.67041,181.49156,5
281.8345,305.30994,64.768166,127.40734,148.27554,189.06348,148.08087,184.24388,282.11624,308.4925,60.909233,123.46053,143.18192,185.94118,147.71715,182.1219,5
294.93945,312.29077,77.97493,136.36133,152.18698,186.13393,153.23636,190.01283,274.71628,303.16196,45.144135,99.93182,133.54114,175.0707,142.13765,165.93059,5
298.65768,308.641,75.020485,122.61133,153.65672,176.1304,149.55815,173.29674,872.8597,809.44104,1016.40326,982.02423,118.85172,157.09544,137.79424,153.53038,5
308.07904,305.13724,65.059,106.86483,154.36726,165.69438,153.58221,177.46675,276.37213,295.01962,31.72215,69.15535,137.56406,160.47287,125.658356,137.60997,5
293.5755,298.07233,59.61063,110.31547,144.01924,166.83461,156.9371,182.33311,264.34067,296.68442,42.781204,90.922844,125.26394,166.26451,131.20724,150.62825,5
281.1728,299.65808,66.84237,129.51875,142.44365,180.17587,158.26347,192.2102,268.6431,299.02408,70.67498,131.16502,141.155,188.89561,152.51013,185.67043,5
269.00693,294.6113,63.16928,127.82691,130.26228,174.66241,154.91539,188.86139,283.12637,304.62643,64.04357,124.11993,148.84364,193.08481,148.86426,188.68991,5
263.5404,291.14856,62.79398,117.53241,133.63162,175.3238,139.41748,172.30348,288.91296,304.49817,61.77465,120.176094,154.9496,192.55792,149.20903,184.28052,5
266.86057,290.74106,66.98207,126.2095,128.94556,171.34854,151.65303,181.53076,275.82446,295.39685,55.26142,115.618904,142.56944,183.08191,140.85254,175.35104,5
271.2615,297.1913,70.532074,131.34557,132.66925,179.14685,161.39041,195.4067,282.80103,305.91843,62.833317,125.35087,143.76772,185.66837,153.7077,184.1787,5
206.55836,270.03455,209.88168,259.32986,129.58363,182.99265,190.2239,222.80223,200.67058,266.03372,199.25949,251.09454,132.53757,182.84439,172.73492,207.01875,6
200.02147,262.67868,208.05354,256.12546,119.79574,172.1742,194.48843,225.25015,201.35701,264.77432,200.87778,249.4292,126.99505,173.66862,179.11197,207.65405,6
203.55354,270.825,210.38666,261.11307,133.17804,185.72559,179.79953,214.7352,199.55698,266.92142,203.96744,253.77567,133.84245,182.8998,164.48154,196.79797,6
205.11612,273.93796,219.7873,270.05692,130.30093,181.9468,178.75404,212.22502,198.08073,266.89474,205.77805,256.6903,130.65466,180.1901,165.18204,197.61484,6
199.5905,268.55396,218.74678,265.46045,125.27962,176.2371,178.83951,209.0102,192.97856,261.38617,206.83702,255.92882,129.53111,181.78133,175.29688,208.46368,6
199.5773,265.26733,209.79582,260.86676,124.703896,169.05458,167.23965,198.30635,168.09663,225.53903,186.31938,227.34459,109.74295,159.85756,193.97516,219.60382,6
199.55923,263.01627,200.63737,248.64676,127.83657,169.3609,151.16502,179.52104,169.93472,212.21892,169.90173,207.81264,120.35117,161.28676,185.98466,212.34207,6
200.96207,264.16974,200.65651,249.60359,129.68752,170.82018,151.27136,181.13614,167.66232,212.78607,181.44077,218.51219,117.81772,158.56825,191.74889,215.94855,6
202.31561,264.21417,211.58348,262.92767,130.18347,176.04529,169.96162,205.11317,188.4888,246.86848,182.91301,227.21452,119.02031,165.31407,174.10909,200.01952,6
190.22252,266.4368,247.68648,298.44592,126.25762,185.79529,198.52484,236.83408,188.438,254.77882,206.47449,254.30165,122.253624,170.97513,176.07834,205.49431,6
180.609,257.6106,266.81082,308.63232,131.53716,191.2759,204.4756,238.54007,193.66774,262.33646,226.09631,273.32416,123.52038,173.62956,178.46602,208.1198,6
175.32512,255.89885,290.88675,332.27457,127.80941,196.6211,229.99292,265.95734,200.03343,272.2383,257.74667,301.0313,128.12854,180.35016,185.9635,213.64395,6
191.02881,267.08487,284.0058,329.1347,125.259094,188.9457,219.70744,255.01703,204.44075,284.60675,264.70624,313.1352,127.349945,188.14467,189.402,222.75293,6
197.27179,275.567,259.49326,308.09198,124.467674,188.67036,206.0666,241.30338,208.33478,280.31335,241.86919,291.4103,127.16601,179.458,180.85326,211.77611,6
210.67169,279.63998,230.75577,282.30984,127.06454,182.7688,191.8473,226.10118,202.39412,270.84167,215.19876,264.1889,129.65668,178.83379,172.412,202.61484,6
218.96046,290.23495,230.48198,282.2128,134.19257,194.20988,193.85052,230.01266,204.91377,267.95667,215.37077,264.24432,129.52737,174.65082,176.09865,205.7142,6
226.0448,296.97418,240.7278,290.91705,128.99292,187.37508,195.60832,228.8111,198.15106,266.80685,208.40594,259.69562,131.33083,181.36906,165.96188,200.68275,6
228.26656,302.38696,273.52945,318.9824,131.78809,192.51881,213.6331,246.6301,200.838,273.43073,205.45546,255.83678,132.75804,187.18684,164.45741,198.61739,6
213.44875,297.31342,296.15985,346.15445,135.99792,205.43524,216.75465,257.8783,201.4227,278.66998,221.82411,271.77502,133.15997,191.88782,167.74963,202.2737,6
210.30649,297.33597,320.9337,366.5286,137.40317,211.55493,239.31854,276.9315,190.91309,269.28827,241.6555,287.79388,129.36073,190.16615,184.1564,216.39658,6
196.84805,281.50415,326.4091,370.06494,141.73773,212.00513,238.78123,277.46313,195.47476,273.80676,246.1002,294.258,126.72127,188.58235,185.86467,218.93607,6
204.33675,284.79657,293.20914,341.28714,130.58922,193.43665,215.60812,252.79042,205.4269,281.94336,234.46318,285.17392,130.00304,188.55133,181.71884,214.76195,6
210.50229,288.6324,274.36142,321.59128,126.26164,190.3958,210.38387,244.23366,210.52983,281.30374,223.08461,273.80444,127.42923,182.6068,181.11836,211.96808,6
213.93205,289.69495,256.49265,305.90646,126.27108,186.63165,202.22691,236.92339,210.60748,267.32562,200.85353,247.79105,121.10834,164.35527,190.0693,213.36646,6
212.42256,285.19748,244.65796,295.5391,123.690025,184.50327,199.29483,235.76964,204.9558,272.39438,217.76512,264.70215,121.18964,172.55792,188.28491,214.08058,6
209.63298,282.68253,236.29872,286.0196,126.42866,187.73802,196.37318,230.22672,203.9019,271.19257,226.2743,273.93008,123.82229,173.91081,185.47913,213.9482,6
183.68124,257.40723,245.25105,295.51578,124.63791,181.19008,185.8266,225.13248,186.2366,265.55048,246.59091,291.67822,127.45646,183.63179,182.29756,212.29996,6
178.34438,255.44633,250.96681,298.31534,124.626495,184.68713,200.60814,236.45207,186.98279,262.99344,242.59673,290.95187,132.4373,187.48871,181.42758,216.59967,6
193.36514,262.8413,232.81339,281.7883,125.38963,179.89716,193.9456,227.6256,195.7121,266.82632,233.32253,282.5681,126.55895,178.78943,181.45451,213.92966,6
191.26378,259.00916,224.97089,272.2327,126.24657,179.60562,185.69151,219.25517,187.0239,256.36725,213.38646,261.9245,123.45766,173.51984,173.49751,204.05864,6
188.41623,256.7498,226.27731,275.52603,119.79766,170.9901,188.32686,220.92464,175.22514,248.8697,219.31435,266.20236,126.38187,180.7975,174.23668,206.8445,6
112.46753,148.76799,169.85393,193.71835,145.17105,192.58647,166.2987,202.77301,107.340256,160.62733,176.84235,204.39565,151.19057,196.68214,139.44962,176.06364,6
110.29087,151.06728,170.40181,197.49985,149.92493,194.13351,152.78374,191.80394,115.01332,163.45172,172.83415,204.2912,151.36322,193.97488,143.61977,182.84615,6
106.06242,151.19221,177.1766,204.30829,144.50473,194.11084,160.95364,199.59747,106.01868,161.50912,178.41705,207.6458,153.10571,202.33199,143.12856,183.01099,6
106.960335,148.5803,189.14127,213.03264,147.43869,194.26405,172.7154,209.12796,108.44645,161.14314,178.49869,209.78981,155.49374,205.15985,146.58452,189.94582,6
103.39409,147.04153,187.30481,212.43636,143.45428,194.35997,172.02739,210.55241,107.17836,161.29733,176.63153,208.68292,154.25401,202.41472,140.28856,182.8943,6
106.10529,147.0078,182.72012,208.59877,152.0445,198.17758,164.16043,204.07756,107.445496,164.34853,177.15996,205.41655,151.34167,201.04698,140.96327,178.60228,6
106.67203,154.87285,196.94812,221.15407,154.66055,202.45354,171.73448,208.00458,119.66754,169.24828,169.21587,204.46945,150.6246,194.4313,141.91176,182.89294,6
107.7867,160.70586,193.99454,224.58934,152.40155,194.34274,152.94406,191.4045,103.454346,149.64635,173.68925,195.66338,142.04657,198.44353,161.30765,198.21439,6
106.98598,170.20271,193.71504,223.56332,134.89212,180.38934,151.64636,182.85483,102.9976,116.803734,168.52846,180.34125,148.17426,192.75008,154.27438,192.4898,6
112.418724,175.0733,194.55829,227.63516,132.13596,175.62338,150.95383,181.87492,98.47972,104.91863,186.44873,191.97038,147.71729,192.68008,160.31345,194.14622,6
106.0312,166.97905,191.92674,224.04585,147.48311,197.31578,151.66342,190.09488,98.945335,140.00085,182.0088,202.35893,150.83646,202.58496,159.51175,198.13062,6
105.97671,155.2955,189.63246,217.88863,156.1987,203.74367,162.1803,201.8952,114.75172,169.2215,181.4487,210.2637,159.25128,204.96664,142.8239,180.17528,6
100.43699,138.57814,197.62015,217.32063,150.66946,198.15572,179.92883,215.48059,107.04966,162.3204,178.63396,208.27664,148.69463,192.78127,135.79695,171.39447,6
214.28923,262.44836,151.71025,206.81187,123.889275,174.70085,186.61626,222.42503,204.53297,255.16238,137.21985,187.58464,124.582954,174.61678,174.17526,203.23647,6
219.96928,272.99298,166.83644,221.84447,121.436195,171.97385,188.5571,221.5041,227.96794,283.98077,152.15587,209.54193,128.88881,178.71584,170.99365,202.26294,6
180.26141,250.04356,225.96288,274.95438,128.41261,181.92484,191.14594,227.49358,180.87169,249.93999,195.71388,242.95518,123.99074,173.1406,173.08809,201.11218,6
164.9773,247.8959,270.1756,315.37152,123.96631,191.36748,209.76717,247.93845,171.9661,246.2197,218.24667,263.1876,119.19106,176.76653,185.92085,215.91096,6
176.81078,265.16846,313.28802,358.995,131.95898,203.65878,218.67717,260.7283,177.04471,262.87994,271.14972,313.86728,137.55164,197.03815,178.74057,212.32103,6
156.89941,245.69218,296.25818,338.60605,127.74017,206.90443,241.9512,281.34415,159.47916,244.19951,262.23633,303.52356,132.0211,198.95163,199.8021,234.62613,6
149.01804,226.46074,243.27759,287.47864,100.03122,179.15643,245.4743,281.1969,159.4549,230.79689,206.95299,250.14433,102.68166,177.01817,223.05333,253.51399,6
201.93327,246.60403,132.03456,184.99269,124.05927,173.25342,173.70361,208.71678,183.3812,224.84691,120.62786,164.55222,115.024124,165.04303,175.44933,203.23685,6
231.40381,265.24545,100.08951,157.3207,124.07015,176.62102,178.6492,213.68507,206.81622,241.85173,97.10001,146.52406,123.42679,174.96689,170.58766,202.23729,6
253.61261,284.3328,81.800255,143.04642,133.4722,178.68727,156.23154,190.30771,240.9884,277.84525,88.53941,148.73422,131.66954,180.10715,157.17084,188.72311,6
243.98927,290.6188,134.67421,197.24942,125.2566,173.41013,165.92471,203.13474,241.41257,292.03018,135.12294,193.05945,131.65178,180.09343,160.87735,190.49258,6
250.61383,300.7704,156.82745,215.28403,127.06009,176.29291,172.7201,207.2467,244.5298,299.40906,149.23996,209.62581,131.35222,182.76567,164.15808,197.18384,6
230.144,286.931,172.61168,226.79523,125.61588,189.02484,195.16516,231.31006,231.69902,286.93964,156.01498,212.01656,121.05144,178.83754,179.64336,212.71767,6
204.91095,263.85028,172.83138,226.01353,114.87813,174.0699,189.26863,222.29411,195.30898,252.83823,163.86191,213.18037,121.75078,178.74132,180.70389,211.32759,6
172.56482,236.41542,187.81683,235.24403,124.79752,174.735,172.28423,205.0491,153.19629,206.53622,160.67245,201.41083,129.17557,172.85028,156.94635,187.12825,6
142.65111,202.76616,179.42427,220.2728,123.60328,174.4742,166.23962,199.49461,120.32134,189.2111,187.94188,225.95393,151.17288,200.46896,138.01659,178.71124,6
128.61894,208.69498,288.73886,322.4369,138.28903,208.69772,223.7052,261.9632,126.435234,209.39342,266.2303,303.76154,137.11705,205.84943,206.05606,246.68184,6
117.15892,197.24672,265.1113,296.4346,129.69963,188.87158,172.88316,207.21791,121.92542,189.26093,194.73988,233.15495,132.72777,188.08258,162.15524,200.9253,6
91.33299,149.95143,191.3674,219.43452,147.4859,196.6554,150.01216,189.36362,73.163635,123.406364,194.87105,216.51651,146.44981,191.26552,144.57028,182.85904,6
121.42519,148.20174,150.78175,169.82137,134.40833,187.3296,170.66638,203.66179,122.02027,153.56303,147.94214,171.36592,141.06444,191.43117,159.63167,196.71646,6
130.95715,191.77269,187.53119,224.45634,121.51581,170.64162,167.52599,198.98,881.6888,802.3694,1001.51355,954.1427,142.81259,198.90524,168.47786,206.6275,6
165.26215,248.16531,303.2304,345.1483,129.43799,204.51778,242.09476,280.7293,160.42336,240.55582,255.13696,297.12347,110.97332,184.8603,229.21443,262.18713,6
148.94783,238.93506,319.0944,356.56952,131.51422,203.2196,217.28036,254.8885,152.15962,241.96198,319.4481,360.33005,135.5632,206.47737,218.31645,259.69748,6
131.66483,219.69662,281.53696,315.27542,128.35985,190.24939,185.07156,217.9451,135.85109,209.46771,231.9741,267.84982,133.76091,181.53943,170.13283,200.93893,6
154.156,203.67183,159.5327,199.19571,113.61265,156.54729,167.36493,194.30725,153.88268,205.99641,161.48027,202.75249,133.77493,174.63188,145.87756,178.08426,6
148.03177,194.37466,140.2806,184.67288,105.37709,153.65211,163.08087,196.79347,140.30054,191.68239,138.38211,173.24443,100.5339,152.49167,161.46623,185.46902,6
158.66737,199.17691,134.63635,173.9067,107.89481,153.91347,167.38495,195.57896,149.92038,196.73683,130.75954,169.14694,109.51932,160.55835,158.60576,186.99084,6
208.72304,248.31105,115.104744,159.25348,136.82745,220.64612,233.55438,271.81198,224.45914,252.40094,98.356064,146.20044,143.9125,208.19633,207.84404,247.19647,7
204.31845,236.64777,105.43348,151.95457,132.90936,208.69398,223.38095,263.7882,208.55623,238.62584,103.46668,149.24039,131.97453,196.54933,203.44458,239.82918,7
196.5113,227.9538,110.44689,154.88889,131.30301,204.9774,223.03009,263.45862,214.43643,239.2342,96.44696,136.72908,127.80032,187.66597,204.43301,235.04393,7
192.934,226.05847,109.12522,152.00581,122.01465,196.38287,222.81467,259.73795,202.38313,230.48593,97.22117,138.02814,127.116745,190.44331,197.58018,231.51622,7
204.58546,231.37263,98.20111,140.5056,123.834526,196.38383,224.51505,262.63016,200.9669,230.37119,100.87622,141.90979,125.668015,187.6683,202.40935,237.74457,7
193.42041,224.53128,103.45777,148.33032,130.59064,199.49007,213.65532,253.59483,199.73077,226.49007,87.63125,129.40364,127.61917,187.39992,186.65396,222.68489,7
203.55157,229.62328,103.9533,148.10435,139.96281,205.31761,223.96402,261.32855,201.69348,228.00136,72.77165,112.98903,118.35998,169.82355,166.03078,196.14781,7
212.41585,233.91069,97.05559,140.3351,150.90768,214.9745,231.55801,268.43582,195.1853,224.6944,77.140785,115.10325,113.45274,160.8393,161.1128,186.87767,7
207.29677,232.17471,106.74618,152.52057,149.61569,215.76804,234.67696,274.80762,188.33914,218.71938,83.754196,121.963585,112.71159,162.32512,163.50063,192.94489,7
203.06998,232.21095,105.62241,148.55379,134.96924,203.94019,221.37996,257.95337,194.23285,227.7267,92.94754,134.98343,122.04896,185.34558,184.19624,219.05913,7
194.52675,226.79318,100.38667,143.50354,122.98877,191.76927,212.54301,249.45357,197.54036,229.28464,93.778244,136.22086,127.00915,193.1477,196.2187,232.81538,7
188.7428,224.40512,95.866875,139.96088,114.71539,185.8493,199.0516,237.17604,210.37729,234.29875,94.077965,134.86009,134.37053,192.91628,204.22055,237.40456,7
191.48965,225.2079,93.84999,135.30592,121.13833,186.87804,194.58456,230.63503,205.99368,236.19478,101.08216,144.50691,134.43079,201.58754,209.40485,245.25536,7
194.89278,225.98492,98.516685,142.65855,124.597694,192.32858,207.37703,246.7735,204.62581,235.48201,101.15082,141.47423,130.61888,195.62979,205.97623,238.89333,7
192.33447,223.48932,99.19044,144.58229,126.46265,195.63382,206.54893,245.25043,204.2122,233.57848,86.52755,131.64769,123.65076,182.27611,182.31715,215.18182,7
203.94196,229.89131,92.47859,138.5974,131.64825,198.06474,214.05928,253.49709,196.95114,228.77612,83.34926,129.333,118.34008,179.95038,178.85413,215.4658,7
201.1958,231.52373,97.0063,140.46684,127.007545,196.86061,209.28592,245.23654,202.19807,230.78264,85.83042,129.8098,126.26919,183.3783,179.71614,214.08665,7
195.27356,227.11685,105.41744,148.57327,125.45196,195.21703,214.65196,250.82149,195.0905,223.85022,94.74715,136.43674,122.93864,180.45833,184.15771,217.85765,7
197.27356,229.77177,104.24718,151.23337,128.17426,199.52304,214.81746,255.00916,196.06396,224.05594,91.176704,132.00363,122.65742,179.41693,181.87697,215.4585,7
180.50641,219.35367,134.82315,177.14949,125.78979,201.19624,245.62097,282.77145,186.71185,226.74156,121.18019,164.59178,123.65764,198.09941,229.92815,266.72943,7
188.75783,222.87177,128.91995,170.97636,140.78596,217.42686,253.89044,290.4481,167.9053,206.00728,113.228745,148.43295,99.77001,166.60223,202.65778,231.23418,7
193.23965,221.37396,128.90216,167.47588,143.54272,212.53172,263.738,296.4858,165.81264,195.72198,106.42291,134.78549,97.71124,148.31503,185.59328,208.54001,7
200.19669,219.75203,127.76457,165.19783,148.94975,209.17296,263.49634,296.69962,189.13565,216.84134,96.64276,124.80645,99.01016,143.29683,190.6484,206.88712,7
186.28716,219.46255,127.36241,169.35364,135.49057,211.92772,256.46893,293.78568,175.80077,215.32442,116.946075,157.23285,106.66317,170.23735,200.89131,231.9046,7
177.9361,215.16309,126.32622,166.4161,120.67466,199.44792,236.6862,273.53604,179.20001,225.08682,135.97466,179.41173,119.26328,201.62129,243.65146,280.12152,7
170.47604,208.75528,126.285225,163.83644,104.18796,174.02782,223.7844,256.06412,192.96167,231.43613,131.60143,172.97137,137.4225,216.25238,253.39784,289.03516,7
169.85127,206.51923,119.14747,156.49422,102.85001,169.42746,213.29942,245.33096,194.28809,228.8315,124.69775,165.84352,137.15599,209.9421,246.18988,281.25507,7
176.39084,219.01328,126.92107,168.07664,115.00442,192.69615,228.27733,263.40802,184.618,223.00874,126.60398,167.31062,124.213776,196.86394,234.32536,268.23492,7
186.69144,220.2807,128.16927,173.3046,132.00142,202.31104,246.6405,285.30557,179.11668,223.76819,127.1234,168.61272,115.28875,188.46112,222.55052,255.19481,7
51.202377,39.378654,302.13162,303.8977,108.5703,157.6031,201.45818,229.68158,207.14212,221.34789,76.43984,94.24471,143.71817,201.44765,168.45273,204.2027,8
47.02643,48.29332,302.8508,306.2895,114.79686,166.23187,201.01022,230.84601,204.81761,222.9317,74.906136,102.58658,141.35226,196.26027,164.29366,203.84325,8
70.00444,39.564556,327.30362,326.16724,93.4901,141.77399,223.94266,248.40903,205.84958,235.20296,76.00576,108.16143,140.5032,200.9369,167.35965,202.39758,8
76.89541,35.816025,331.6535,332.1275,94.21617,130.33833,219.57007,243.16525,207.7468,230.66048,80.534035,111.70029,137.8173,191.4455,168.55904,203.2463,8
81.89045,33.338604,321.51355,317.57562,97.95021,134.49185,204.43028,225.51529,289.33005,325.4908,64.671646,127.35051,139.02312,192.66685,156.89525,185.91826,8
74.60386,44.03551,325.21988,325.43842,92.7067,134.36227,209.50679,234.25238,288.47534,327.61087,64.70421,127.44751,143.09196,195.33511,145.3406,173.37447,8
79.8515,50.117176,339.22336,338.25177,81.167336,122.996025,226.90753,248.69223,285.12433,325.45868,62.713688,129.27264,143.82584,198.23906,145.04419,180.58548,8
97.25777,53.02251,348.25046,346.1058,61.40684,72.54446,249.98006,260.88205,276.67075,318.216,62.763943,123.962975,139.4744,194.05562,147.48543,181.47581,8
115.24662,58.78803,351.1636,342.8355,104.48081,43.951313,260.90335,255.14847,303.4406,340.24826,46.568264,106.968765,132.62828,182.33163,154.33096,176.24767,8
122.63673,55.714706,333.74936,322.67612,101.28457,49.05972,241.2403,237.5031,276.38242,313.3295,47.10995,109.662704,131.17741,179.0876,146.40504,171.13644,8
109.61293,42.991985,325.42184,317.29105,79.68082,63.775665,233.8334,240.52971,281.3075,320.9079,64.61094,125.30147,139.84972,192.32469,142.76295,174.50401,8
78.4237,33.260406,325.89108,320.50452,69.28766,116.0096,242.95296,261.3187,289.99896,328.79144,68.43717,128.40689,144.23038,198.33554,145.01692,181.40077,8
61.331047,40.750877,322.81552,321.41672,97.12501,157.5082,231.94498,258.51862,290.28232,323.05615,64.653015,125.29957,152.15587,202.16643,149.99207,186.40077,8
49.097298,39.93847,287.01968,287.7851,104.361374,162.96451,204.00142,229.79544,287.66806,319.49637,76.00405,134.09973,140.69847,190.2354,154.34175,189.7831,8
61.000828,28.577486,284.19138,284.7712,108.34291,152.46945,188.5778,216.04137,271.4253,307.20978,68.544556,129.41739,136.50856,187.07753,145.61386,178.69838,8
207.54181,288.32022,333.03375,378.997,134.40045,200.10881,221.54518,262.50165,164.62256,173.95927,109.474045,117.8345,126.44508,182.70409,164.81969,197.04308,9
208.6481,290.93207,335.40817,381.69464,134.37762,201.664,228.85497,268.75693,163.07108,171.83626,122.952255,130.68005,136.69492,191.85803,172.11072,206.23932,9
209.51163,296.8948,333.8917,380.05264,137.03479,208.42783,230.49248,270.169,164.11435,168.58679,125.25592,131.93828,133.14209,186.39821,179.03755,213.24542,9
208.65121,298.1675,331.061,377.82745,134.3965,207.5065,226.62865,265.99606,167.98782,166.89363,128.24078,128.30765,137.78487,189.86313,175.3076,208.29288,9
204.79893,290.55927,324.277,371.82092,133.00339,203.31647,224.5433,264.73676,192.90538,195.74971,97.65317,106.08792,134.6146,188.55484,175.25754,209.66367,9
203.87074,285.62018,310.31354,355.26212,130.9262,194.85918,216.73827,252.68732,190.69876,195.30481,99.51982,108.66091,132.16266,184.29791,175.4524,209.93175,9
219.75616,289.181,254.65576,305.42935,139.47838,192.55124,188.80565,225.83476,190.70102,197.13199,94.51264,107.88344,130.29279,183.27081,174.66805,207.49217,9
225.15765,294.74112,228.94615,282.76254,136.1263,192.95273,189.17752,227.41405,190.82732,201.00978,93.00174,105.959656,128.00462,181.16103,175.88823,206.5088,9
219.48488,287.03616,256.00665,310.17188,143.9956,199.43593,201.42911,244.31946,190.29056,200.52919,97.259315,108.65594,141.27846,188.87364,164.7956,195.26717,9
214.2967,288.2177,265.29855,317.3658,133.0716,194.0145,205.98952,245.33528,188.79298,200.93816,90.83437,105.23192,137.88255,188.57974,161.27443,194.08133,9
197.88155,279.01398,269.64334,320.00824,122.87324,190.1109,212.64148,250.76515,188.4258,202.01953,94.14361,109.91751,139.40343,188.48717,167.73416,199.18198,9
188.67812,271.8154,307.055,351.10303,134.40654,202.41196,219.78297,257.86816,187.80394,207.45338,80.83939,104.21265,133.33066,191.20857,161.3758,196.69853,9
177.87721,263.5733,317.02713,357.5362,131.71056,201.10786,231.36282,267.11908,187.54207,206.14551,86.79265,105.92052,132.57625,191.28305,169.64684,202.27306,9
183.7394,274.73267,318.94644,363.02673,131.00052,208.36945,225.536,265.6477,192.47015,204.7984,84.67223,105.60593,135.62573,190.06891,169.12526,205.23064,9
196.3063,285.2764,331.65033,376.82996,126.58651,202.01521,233.13496,271.72433,193.7895,201.70195,96.365105,107.24281,137.53008,190.0648,172.72827,206.54053,9
204.5159,292.77942,346.46167,392.2787,130.37473,202.85905,243.74551,282.1707,190.2849,197.30084,103.02848,112.12307,138.16034,187.1715,170.29964,204.19267,9
212.15698,298.40723,346.45062,390.51172,131.7374,203.37009,240.97763,277.46298,191.69218,203.25168,93.50119,104.39469,135.15782,188.4352,166.64088,200.42279,9
243.65286,317.3687,318.66113,366.7398,148.17328,210.31029,233.15298,270.72485,182.61845,193.91763,85.678856,98.98742,129.61066,184.3544,154.57065,189.32567,9
216.35974,292.9797,287.47583,334.74417,134.24435,196.86165,212.99155,249.41559,186.7701,197.24669,85.52247,93.89761,129.75795,182.36906,157.95264,188.5396,9
220.80167,307.205,318.97174,369.01736,141.93916,213.66418,224.53737,267.66418,188.43472,191.79538,91.72818,99.28711,135.73499,181.48091,161.79185,192.884,9
202.03497,287.22766,354.67688,394.56488,145.47188,215.77069,243.1053,280.2917,187.36124,198.3669,93.099335,101.12243,134.00992,190.59285,164.22841,196.34413,9
188.12468,277.53342,357.6678,398.1304,145.4378,217.40164,241.65852,281.79147,191.96992,200.1382,91.0664,95.47267,131.80138,186.3052,162.32945,192.95894,9
192.84532,281.38492,313.16037,360.92822,131.83817,201.09787,216.62608,257.50058,188.42383,200.93596,90.44052,99.70826,129.72322,186.09604,163.95152,195.23372,9
182.24268,258.46854,267.7464,317.13495,140.30438,198.07738,190.69199,233.16257,192.2447,201.1863,98.486404,101.657265,140.27597,192.7616,169.24226,197.7464,9
186.92241,262.8972,259.5448,309.7209,139.28798,194.38893,185.33496,226.02832,190.86798,194.62451,96.4551,105.22734,147.14903,191.53569,161.98503,196.49327,9
178.69992,171.52591,117.953804,131.70604,139.33794,183.66026,199.3569,232.69786,201.66281,273.53607,234.06055,278.5113,127.30838,177.29202,159.909,186.93237,9
169.4252,167.95811,114.74631,131.09787,132.2721,179.9195,195.10591,227.24207,193.8034,269.26263,246.6038,289.59024,127.06681,181.8785,164.41339,192.76773,9
161.84575,164.29416,115.563095,131.39467,131.3774,180.87692,182.78719,218.93277,191.98763,272.17822,312.09174,351.9868,128.75702,196.3329,205.13101,238.6019,9
160.10455,168.01454,116.42307,139.14035,127.94932,179.94748,186.12619,224.44574,180.42778,260.87927,276.46768,317.9247,118.00889,183.69916,183.16014,214.42108,9
161.34302,165.98859,114.76984,133.18791,129.7649,182.66467,187.93416,223.02301,229.20738,305.22455,226.7397,276.0424,121.013725,183.89923,166.4844,197.68275,9
164.06448,161.62907,114.41719,126.68303,133.24568,182.11632,190.44759,222.11661,206.87393,282.7686,263.1815,308.77472,126.28191,191.2924,175.2842,208.73402,9
166.20923,161.65599,112.25731,130.36969,134.39137,186.17044,185.80792,225.29933,203.77878,284.2608,320.99423,360.1713,105.26284,183.4864,217.65288,247.79549,9
159.9805,166.83647,120.21366,140.27208,132.565,186.15817,188.1405,223.43555,210.60638,290.8565,321.0492,363.08728,127.768616,199.45624,215.68398,250.64868,9
162.47623,171.83453,125.60355,148.89316,128.82689,182.39377,197.99004,235.5328,212.32213,298.39413,334.07425,378.1956,121.14272,196.5035,220.89008,255.90143,9
162.21857,171.48843,121.706116,144.56094,129.74782,184.30309,194.56152,231.3585,220.07562,306.24026,341.51193,384.26855,124.16407,200.12854,223.49979,257.37448,9
162.1638,171.44868,125.94218,147.78387,130.58806,183.97592,196.27058,231.42549,227.80235,315.88477,353.57843,395.4021,117.95298,197.16756,234.72032,266.42618,9
168.8297,173.98744,123.92678,142.08777,136.643,194.72635,196.91139,232.80876,207.79662,292.60144,428.46762,460.45712,111.758224,203.92833,309.23367,339.31256,9
170.70291,179.12073,126.10598,146.74463,134.09683,189.22285,198.30943,235.63153,188.26347,278.37994,383.30823,419.7364,107.8355,195.37343,263.8858,296.38525,9
